source,destination
/accueil/a-propos.html,/a-propos
/annonces-bateaux-occasion.html,/annonces
/annonces-bateaux-occasion/1-bateaux-moteur.html,/annonces/bateaux-moteur
/annonces-bateaux-occasion/2-voiliers.html,/annonces/voiliers
/annonces-bateaux-occasion/30-catamaran.html,/annonces/catamaran
/bateaux-neufs.html,/stock-neuf
/stock-neuf.html,/stock-neuf
/stock-neuf/occasions.html,/occasions
/contact.html,/contact
/mentions-legales.html,/mentions-legales
/places-de-port.html,/places-de-port
/toutes-les-actualites-nauticea-yachting-frejus.html,/actualites
/sitemap.html,/sitemap.xml
/annonces-bateaux-occasion/29-vedette/543-monte-carlo-42.html,/annonces/beneteau-monte-carlo-42-543
/annonces-bateaux-occasion/29-vedette/542-33-sport.html,/annonces/bavaria-33-sport-542
/annonces-bateaux-occasion/11-moteur/541-cap-camara-7-5wa.html,/annonces/jeanneau-cap-camara-7-5wa-541
/annonces-bateaux-occasion/29-vedette/540-c335v.html,/annonces/sealine-c335v-540
/annonces-bateaux-occasion/29-vedette/539-c390.html,/annonces/sealine-c390-539
/annonces-bateaux-occasion/29-vedette/538-c335.html,/annonces/sealine-c335-538
/annonces-bateaux-occasion/29-vedette/537-f430.html,/annonces/sealine-f430-537
/annonces-bateaux-occasion/29-vedette/535-s28-bolero.html,/annonces/sealine-s28-bolero-535
/annonces-bateaux-occasion/22-motor-yacht/534-gt45.html,/annonces/beneteau-gt45-534
/annonces-bateaux-occasion/29-vedette/533-mira-37.html,/annonces/mira-mira-37-533
/annonces-bateaux-occasion/30-catamaran/532-my40.html,/annonces/fountaine-pajot-my40-532
/annonces-bateaux-occasion/29-vedette/531-38-gt.html,/annonces/beneteau-38-gt-531
/annonces-bateaux-occasion/29-vedette/530-c330.html,/annonces/sealine-c330-530
/annonces-bateaux-occasion/29-vedette/520-c335.html,/annonces/sealine-c335-520
/annonces-bateaux-occasion/26-trawler/519-trawler-575-kings-charissmo.html,/annonces/tarquin-trawler-575-kings-charissmo-519
/annonces-bateaux-occasion/29-vedette/517-3350-convertible.html,/annonces/riviera-3350-convertible-517
/annonces-bateaux-occasion/29-vedette/509-s390.html,/annonces/sealine-s390-509
/annonces-bateaux-occasion/11-moteur/508-280.html,/annonces/ryck-280-508
/annonces-bateaux-occasion/29-vedette/505-36s-coupe.html,/annonces/bavaria-36s-coupe-505
/annonces-bateaux-occasion/29-vedette/503-sc38.html,/annonces/sealine-sc38-503
/annonces-bateaux-occasion/12-flybridge/493-630.html,/annonces/prestige-630-493
/annonces-bateaux-occasion/29-vedette/481-targa-31.html,/annonces/fairline-targa-31-481
/annonces-bateaux-occasion/29-vedette/470-s335.html,/annonces/sealine-s335-470
/annonces-bateaux-occasion/21-semi-rigide/410-strider-15.html,/annonces/sacs-strider-15-410
/annonces-bateaux-occasion/13-cruisers/399-280-tt.html,/annonces/invictus-280-tt-399
/annonces-bateaux-occasion/13-cruisers/398-s335v.html,/annonces/sealine-s335v-398
/annonces-bateaux-occasion/12-flybridge/397-f-430.html,/annonces/sealine-f-430-397
/annonces-bateaux-occasion/24-coupe/369-c-430.html,/annonces/sealine-c-430-369
/toutes-les-actualites-nauticea-yachting-frejus/67-sealine-c-390.html,/actualites/sealine-c-390
/toutes-les-actualites-nauticea-yachting-frejus/69-sealine-s430-la-visite.html,/actualites/sealine-s430-la-visite
/toutes-les-actualites-nauticea-yachting-frejus/73-nouveau-sealine-s390.html,/actualites/nouveau-sealine-s390
/toutes-les-actualites-nauticea-yachting-frejus/74-sealine-c335.html,/actualites/sealine-c335
/annonces-bateaux-occasion/29-vedette/522-f42.html,/annonces
/annonces-bateaux-occasion/29-vedette/524-excellence-38.html,/annonces
/annonces-bateaux-occasion/29-vedette/527-v53.html,/annonces
